age,gender,bmi,children,smoker,region,expenses
42,female,32.4,1,no,northeast,6159.3
58,female,36.9,0,yes,northeast,11316.24
28,male,39.8,0,no,northeast,5467.99
49,male,29.0,1,no,northeast,17132.47
38,male,17.3,0,no,northeast,7016.78
27,male,38.6,2,yes,northwest,20734.77
57,female,38.6,1,no,southwest,9830.95
47,male,27.8,3,no,southwest,6347.98
50,male,32.1,2,no,northeast,42588.94
18,male,20.0,2,no,northeast,2161.92
39,male,40.8,2,no,northwest,2945.26
62,male,28.8,1,yes,northeast,16857.25
48,male,26.8,3,no,northwest,4554.81
53,male,23.8,0,yes,southeast,12570.05
60,female,32.1,0,yes,southeast,43162.95
27,female,25.8,1,no,southwest,3292.69
39,male,37.3,3,no,northeast,8497.87
46,male,33.8,0,no,northeast,2247.3
55,male,26.3,3,yes,southwest,11854.79
50,female,39.7,1,no,southeast,10966.32
24,male,37.7,0,no,southwest,6305.67
51,male,27.1,4,no,northeast,19568.8
22,male,27.1,1,yes,southwest,9181.86
53,female,36.2,0,no,southwest,12701.71
52,male,26.1,1,no,southeast,38570.18
35,female,29.6,1,no,northwest,6064.62
35,female,17.4,0,yes,southeast,40644.83
19,male,47.4,0,no,southeast,5809.41
56,male,42.9,0,no,southeast,1632.09
40,female,29.4,0,no,southwest,38750.34
52,male,21.3,0,no,northwest,27033.43
56,female,46.6,2,no,southwest,11456.64
42,male,38.1,2,yes,northwest,7049.6
23,male,19.5,0,no,southeast,12122.97
45,female,33.1,0,no,southeast,2221.51
47,female,31.8,2,yes,northwest,40682.0
30,male,34.1,3,no,northeast,5728.57
24,female,20.5,5,no,northeast,2898.7
46,male,20.5,0,yes,northwest,7979.9
48,male,31.0,3,yes,northwest,40288.3
41,female,28.8,1,no,southwest,13103.53
19,male,26.9,0,no,northwest,8526.85
35,male,32.2,3,no,northwest,7103.03
27,female,38.5,1,no,northeast,9162.4
51,male,38.2,0,no,southeast,1622.19
59,male,33.8,3,no,southwest,3717.26
38,female,30.9,0,no,northeast,34369.83
39,female,33.5,0,no,southwest,20145.32
60,female,25.9,0,no,southwest,13649.66
50,female,23.8,1,no,southwest,9329.9
48,male,43.5,0,no,northeast,36294.84
42,female,29.2,2,yes,southwest,13033.93
64,female,17.5,1,no,northeast,9807.01
64,female,29.6,0,no,northeast,11151.72
45,female,35.0,0,no,southwest,7457.54
53,female,21.8,0,no,northwest,6069.78
51,female,28.9,1,no,northwest,7630.11
58,female,34.8,3,no,northwest,2180.87
35,male,27.1,1,yes,southeast,5837.41
42,female,27.8,1,no,northwest,2152.31
36,male,23.0,1,no,southeast,10999.02
52,male,26.3,1,no,northeast,22786.44
60,female,36.8,0,no,southwest,7299.92
22,male,34.8,2,no,southwest,6614.0
46,female,21.2,1,no,southeast,25040.35
58,male,34.2,1,no,southeast,10232.65
44,female,22.3,1,no,northwest,8135.12
26,female,30.5,0,no,southwest,26037.69
42,male,29.3,0,no,southwest,3325.79
26,female,34.2,2,no,northeast,11265.67
63,female,25.0,3,yes,southeast,15087.59
38,male,26.9,2,no,northeast,14503.45
40,female,39.5,2,no,southwest,20661.34
44,male,26.0,0,no,northeast,10193.91
28,female,34.1,1,no,northwest,11915.27
52,male,30.2,3,no,southeast,6337.62
27,male,43.6,2,no,northwest,8358.1
59,male,23.9,2,yes,southeast,17558.23
46,male,17.5,0,no,southwest,3153.37
32,female,30.9,0,no,southwest,4678.97
62,male,44.9,0,no,northeast,16474.57
43,male,47.4,2,no,southwest,7094.84
37,male,22.4,0,no,northeast,4585.97
38,male,30.1,4,yes,southeast,38922.94
37,male,20.5,2,yes,southeast,11828.97
40,female,28.9,0,no,southwest,4516.95
19,female,29.7,0,no,northwest,2148.78
60,male,29.9,0,yes,northeast,14581.86
41,female,29.9,5,no,southwest,12089.55
28,female,47.4,3,no,northeast,25176.21
38,female,29.1,0,no,northwest,7512.64
60,female,34.1,0,no,southeast,35633.71
44,female,26.4,1,no,southwest,3427.57
33,female,30.1,0,no,northeast,5424.26
57,male,23.9,2,yes,southwest,1200.0
48,male,27.0,0,no,northeast,20089.91
60,female,43.6,1,no,northeast,4260.03
38,male,37.4,0,no,northwest,5767.85
45,male,35.1,0,no,southeast,1685.58
31,female,30.3,1,no,northeast,17283.69
36,male,43.6,2,no,southeast,42757.95
45,male,27.3,0,no,northeast,8463.23
24,female,20.0,1,no,northwest,5745.42
64,female,43.1,1,no,southeast,9820.0
64,male,35.7,1,no,northeast,5073.85
28,female,32.3,1,no,northwest,4759.4
49,male,29.8,1,no,southwest,5301.57
27,female,27.3,1,no,northeast,7574.27
64,female,47.3,2,no,northwest,8062.84
42,male,36.1,0,no,southeast,5232.63
35,male,32.9,0,yes,southeast,8186.82
44,female,22.4,1,yes,northeast,7155.4
22,male,30.8,2,yes,northeast,5774.7
44,male,20.1,2,no,northeast,11044.22
25,female,36.8,4,no,southwest,4824.09
53,female,39.9,0,no,southeast,13973.68
63,female,30.3,2,no,southwest,7791.29
42,male,26.5,1,no,southeast,5288.57
22,female,30.0,0,yes,northeast,39744.5
31,female,28.3,1,no,northeast,6503.7
46,male,20.9,0,no,southwest,11279.23
55,female,25.3,5,no,northeast,22385.98
44,female,26.2,3,yes,northwest,13571.54
21,male,28.7,0,yes,northeast,12685.49
52,female,30.8,1,no,southeast,40150.75
43,male,35.6,0,no,northeast,13650.34
20,male,29.6,0,yes,northwest,11835.37
54,female,27.4,2,no,northwest,14627.5
39,female,28.2,0,no,northwest,15842.72
46,female,36.4,4,no,northeast,28042.83
34,female,30.1,0,no,southeast,1632.45
59,male,27.4,0,no,northwest,8247.42
55,male,28.1,0,yes,northeast,6126.78
49,male,28.2,3,no,southwest,5713.65
58,female,38.6,0,no,northeast,43741.46
37,female,27.6,0,no,southwest,3841.06
52,male,25.8,0,no,southwest,3829.85
64,male,21.8,1,no,southwest,4510.22
24,male,30.4,3,no,southwest,38940.91
49,male,24.0,1,no,southeast,14585.35
63,female,34.3,0,no,southeast,10495.35
24,female,33.3,1,no,southeast,3294.2
20,male,28.5,0,no,southwest,7194.03
39,female,30.5,0,yes,southeast,2867.64
54,male,25.8,2,no,northeast,8477.08
26,female,45.4,0,yes,southeast,7381.37
43,female,29.7,2,yes,southwest,15693.29
25,female,39.6,1,no,southwest,2407.82
32,male,32.1,0,no,northwest,1631.22
49,female,30.5,1,no,northwest,9306.03
28,female,28.9,2,no,southwest,4820.89
27,male,38.7,0,no,northeast,9341.18
19,male,29.8,3,no,southeast,4367.69
19,female,21.0,0,yes,southwest,2672.87
48,female,35.5,1,no,southeast,6431.16
61,female,19.3,3,no,southeast,4418.73
42,male,39.9,1,no,southeast,28546.61
41,female,22.8,2,yes,northeast,10316.78
63,male,39.7,3,no,northwest,33581.95
64,male,40.8,2,no,northwest,10875.56
37,female,33.6,0,no,southwest,10316.38
53,female,39.1,2,yes,southeast,39223.99
23,male,30.0,0,no,southwest,13294.93
25,female,17.9,0,no,southeast,22168.65
62,male,26.2,0,no,southeast,2169.18
57,male,32.3,0,no,southwest,1819.23
64,male,29.9,1,no,northwest,9297.29
50,female,43.1,2,no,northeast,13551.42
27,male,29.2,1,no,southwest,3389.83
48,male,26.7,0,no,southwest,21242.32
60,male,21.3,1,no,northeast,9131.72
57,male,33.8,0,no,southwest,24791.32
48,female,47.0,3,no,northeast,4544.91
55,female,35.0,0,no,southwest,35870.73
31,female,33.8,1,no,southwest,50487.93
33,male,31.9,2,yes,northwest,6795.51
24,female,22.7,0,no,northwest,2777.08
51,female,32.9,1,yes,southwest,20186.27
61,female,43.8,0,yes,northwest,1957.05
61,female,20.6,1,no,southeast,13118.91
50,female,25.3,2,no,southwest,7583.19
57,male,31.8,2,no,southwest,8968.12
26,female,36.0,0,no,southwest,1853.89
40,female,29.4,0,no,southeast,10492.84
27,female,26.3,0,yes,northeast,44055.54
18,female,28.5,1,no,northeast,12302.45
33,female,24.2,2,yes,northeast,6174.16
39,male,33.1,0,no,southwest,4808.46
18,female,31.1,0,no,southeast,1232.55
39,male,22.3,2,yes,southeast,3906.2
27,female,32.2,1,no,southeast,4983.0
52,female,25.1,1,yes,southwest,22284.87
35,female,24.8,1,no,southeast,9068.44
37,female,32.6,0,no,northwest,11530.5
64,female,24.3,0,yes,southwest,6443.63
34,female,37.4,0,no,southeast,10318.46
40,female,38.1,3,no,southwest,3766.42
50,female,28.9,0,no,northwest,24764.05
22,female,32.8,2,no,southeast,11121.03
18,male,28.1,0,no,southwest,11342.08
19,male,36.8,0,no,southwest,1592.98
58,male,23.3,0,no,southwest,1716.1
29,male,40.7,0,no,northeast,11650.55
51,female,25.9,4,no,northwest,4508.26
63,male,21.4,0,no,southwest,10871.77
54,female,34.9,2,no,southeast,47564.7
19,female,34.8,3,no,southwest,12390.54
48,female,32.1,3,no,northwest,7010.29
22,female,27.6,2,yes,southeast,8040.72
50,female,36.3,1,no,northwest,13857.89
51,male,35.1,0,no,northeast,5380.24
20,female,41.3,3,no,southeast,8604.86
25,female,25.5,2,no,southeast,2858.56
33,female,27.4,2,no,southwest,5312.91
64,male,20.3,1,yes,northeast,4466.55
22,male,20.5,0,no,northwest,1687.27
26,male,33.4,2,yes,southeast,3057.95
19,female,28.9,0,yes,southwest,36591.5
52,female,30.1,2,yes,southwest,7532.23
45,male,30.2,0,no,southeast,3086.58
26,female,35.7,2,no,northwest,8351.04
62,male,33.7,0,no,northwest,5024.48
18,female,28.1,1,no,southeast,17697.15
54,female,19.5,0,no,northeast,2833.4
43,female,38.7,3,no,southwest,41545.62
57,female,36.7,1,no,southeast,23045.43
22,male,31.3,2,no,northwest,3438.15
64,male,33.6,1,no,southeast,5193.23
38,female,38.8,0,no,northwest,10423.83
28,male,37.4,2,yes,northeast,1864.68
41,female,36.0,0,no,northwest,13018.36
28,male,25.1,0,no,southwest,13182.38
24,male,30.4,1,no,northwest,5199.58
39,male,17.3,2,yes,southwest,24894.54
42,female,31.7,3,no,southwest,37423.63
20,female,27.9,2,yes,northeast,38770.79
58,female,23.9,0,no,southwest,8489.5
52,male,30.8,2,no,northwest,10338.47
45,female,23.5,0,no,northwest,2074.98
56,male,31.9,0,no,southeast,9605.29
33,female,20.8,0,yes,southwest,33855.52
20,male,28.2,0,no,southwest,3665.91
37,female,31.8,0,no,northeast,19779.67
20,female,26.3,1,no,southeast,6062.89
40,male,40.5,1,yes,southeast,3385.32
23,female,21.9,0,no,northwest,6987.01
63,female,31.0,0,yes,southeast,2226.81
35,female,39.5,0,no,northwest,4032.18
45,male,25.9,2,no,northwest,12759.76
31,female,31.6,0,no,southwest,4354.03
62,male,21.6,2,no,northwest,10302.45
39,male,23.9,1,no,southeast,6051.53
19,female,25.5,2,no,northeast,8070.87
55,male,30.5,2,yes,northeast,38462.78
30,female,28.9,1,no,northwest,9611.38
32,male,29.8,0,no,northwest,5175.67
48,male,27.0,0,no,southwest,10353.83
48,male,35.1,3,yes,northeast,42041.66
39,female,33.5,0,no,southeast,1195.02
37,male,36.5,1,yes,northwest,6794.44
51,male,21.0,2,no,southeast,51868.16
56,male,26.2,0,no,northwest,1733.32
30,male,41.3,1,no,northwest,19036.86
63,female,32.8,3,yes,southeast,18397.09
25,male,29.4,0,no,southwest,7371.08
61,female,27.8,1,no,southwest,23219.81
59,female,30.8,2,no,northwest,45772.52
43,female,36.4,0,no,northwest,8616.94
58,male,29.4,0,no,northeast,11634.09
61,male,27.4,1,yes,southeast,23485.32
35,male,26.7,2,no,southeast,5898.6
29,male,37.1,1,no,northwest,21308.37
56,male,27.9,3,no,northeast,6101.52
23,female,45.5,0,yes,southeast,7785.27
42,male,18.9,0,yes,southwest,18600.02
41,male,30.6,1,yes,southwest,3951.35
59,female,28.7,2,no,northwest,8076.41
19,female,23.6,3,yes,northwest,2427.22
64,female,30.6,0,no,southeast,4022.72
35,male,29.1,0,no,southwest,19705.31
20,female,28.1,2,yes,southeast,5953.35
18,male,42.5,0,no,northeast,13867.85
35,male,27.3,0,no,southwest,8632.56
53,male,24.8,2,no,southeast,8593.61
56,female,33.8,0,no,southwest,13413.9
28,female,34.9,3,no,southeast,27031.16
18,female,30.1,0,no,northwest,1625.7
42,female,26.2,1,no,northwest,50915.95
57,male,31.3,2,yes,southwest,44213.32
24,male,37.2,1,no,northwest,5570.64
51,male,47.4,1,no,northwest,11046.03
58,male,26.3,2,no,northeast,2159.12
46,female,28.4,1,no,southeast,3987.1
24,female,17.7,1,no,northwest,38870.14
60,female,37.3,0,yes,southwest,33775.77
26,female,40.9,0,yes,southwest,3229.93
36,male,29.0,0,yes,southwest,11844.53
34,male,27.6,0,no,northeast,12268.16
62,female,36.1,3,no,southwest,8397.38
60,male,34.4,1,yes,southwest,12890.62
29,female,26.1,5,no,northeast,23658.99
59,female,39.7,0,no,northeast,6459.44
38,male,37.4,2,yes,southeast,41275.72
20,female,21.0,1,no,southeast,12973.46
28,male,33.9,2,no,northwest,10326.03
62,female,36.9,0,yes,northeast,14802.25
48,male,34.3,1,no,southwest,7142.26
38,male,30.0,1,no,northeast,4721.45
46,female,29.4,2,no,northwest,17410.05
18,male,17.5,0,no,northeast,1613.49
32,female,27.4,0,no,southwest,4495.22
43,male,25.4,2,no,southwest,11097.4
37,female,42.6,2,yes,northwest,3795.97
20,male,37.9,4,no,southwest,3957.03
48,male,30.4,3,no,northwest,4209.71
41,female,25.8,3,no,southwest,1333.32
41,female,36.8,2,no,northwest,5346.35
51,male,32.3,3,yes,northeast,18662.43
50,male,30.9,3,yes,southeast,40048.9
62,male,43.9,2,no,southwest,8899.37
54,male,31.9,1,no,southwest,3997.11
63,female,32.9,0,no,northeast,26847.83
25,male,20.8,0,no,northwest,19244.18
41,female,34.8,1,no,southeast,13069.86
34,male,27.7,0,yes,northwest,20723.49
49,female,29.8,3,no,southwest,11103.17
26,male,31.5,0,no,southeast,14279.77
24,male,34.0,3,yes,northwest,43976.46
47,female,30.1,0,no,southwest,7444.25
21,female,35.6,2,no,southeast,7319.24
34,male,26.2,2,no,northwest,8329.03
47,female,37.8,2,yes,southeast,41861.14
64,female,29.8,0,no,southeast,2499.05
30,female,23.8,0,yes,northwest,18893.23
64,female,32.2,0,no,northeast,13969.02
21,female,38.3,0,no,northwest,12777.71
48,female,29.5,3,yes,northwest,12407.25
57,male,27.1,0,no,northwest,8560.85
63,female,34.0,1,no,southeast,36572.55
36,female,32.8,1,yes,northeast,13793.03
43,male,33.1,1,no,northwest,14588.8
19,female,22.0,1,no,northwest,4217.63
48,female,45.7,0,no,southeast,5875.72
33,male,31.4,2,no,southeast,3858.15
18,female,39.3,1,no,southwest,4956.14
24,male,29.6,2,no,northwest,9094.75
47,female,34.5,3,no,southeast,2168.04
54,female,34.1,0,no,northeast,18504.64
23,male,29.2,5,no,northeast,8006.01
33,female,22.6,2,no,northwest,18936.1
32,female,31.9,1,no,northwest,2257.76
25,male,17.5,0,yes,southeast,28201.26
22,female,27.9,1,no,northwest,30973.04
42,female,36.4,0,yes,northwest,5281.63
54,male,19.0,0,no,northwest,27060.87
23,male,28.3,0,no,northeast,12653.77
48,female,47.7,0,yes,southeast,1202.22
47,female,17.4,0,no,southeast,13488.18
20,male,35.2,1,yes,southeast,6686.82
55,female,32.5,1,yes,southwest,13269.13
38,female,27.0,0,no,northwest,4731.0
52,female,35.8,2,no,northeast,24559.6
48,female,28.0,0,no,southeast,16909.91
53,male,38.0,1,no,southeast,5472.5
33,male,29.5,0,no,southwest,3254.18
23,female,19.3,0,no,northwest,1921.26
19,female,25.1,0,no,southwest,6430.56
25,female,36.4,0,no,northeast,5788.29
48,male,28.2,3,no,southwest,4727.52
48,male,36.4,2,yes,southeast,46486.86
45,male,39.2,0,no,southwest,2515.18
56,male,27.2,1,no,northwest,46658.66
41,male,33.3,3,no,southeast,12145.47
52,female,38.7,3,no,northwest,9260.33
29,male,29.8,1,no,southwest,18078.51
27,female,44.7,0,no,southwest,1516.86
45,female,42.4,0,no,southeast,1616.01
52,male,29.0,0,no,southwest,2457.8
18,female,33.4,2,no,southwest,3009.94
58,male,33.7,0,no,northwest,6319.13
23,male,34.4,0,yes,northwest,44417.83
59,male,37.6,3,no,northwest,16249.05
50,male,27.1,2,no,northwest,10271.38
18,female,29.8,0,no,southwest,11721.33
61,male,20.2,2,yes,northwest,1224.25
23,female,25.3,0,no,southeast,4644.8
38,male,21.0,0,yes,northeast,43146.94
53,male,24.7,1,no,northwest,3483.34
52,male,24.4,2,no,northwest,4014.01
40,female,28.3,2,no,northwest,6396.51
36,male,20.8,1,yes,southeast,43941.37
20,male,42.2,1,no,southwest,3690.63
26,female,27.5,1,no,northwest,11793.3
53,male,34.2,1,no,southwest,9636.84
51,male,24.8,1,no,northwest,5543.86
29,male,20.3,0,no,northeast,10948.17
50,male,20.5,0,yes,southeast,19073.61
28,male,36.5,1,no,northeast,22559.26
62,female,20.7,1,yes,southeast,5734.99
57,female,28.2,2,no,southeast,7804.45
18,male,37.2,1,no,southwest,1877.85
58,female,20.7,0,no,northeast,5460.49
31,female,23.9,3,no,northwest,39016.36
39,female,26.8,0,no,southeast,1613.09
37,female,26.6,1,no,southwest,5125.55
33,male,26.8,2,no,southwest,6620.11
62,male,30.1,2,yes,southwest,6527.6
28,male,25.6,3,no,northwest,1331.94
60,female,28.1,2,no,southeast,9731.0
31,male,30.1,2,yes,southeast,41477.9
34,female,20.8,0,yes,northeast,2970.41
23,male,21.6,0,no,southwest,12303.93
55,male,22.3,0,no,northwest,20153.15
48,female,34.3,2,no,southwest,1844.22
62,male,17.4,1,no,southeast,9559.16
20,female,31.8,0,no,southwest,37237.4
63,female,26.3,0,no,southeast,8554.18
38,male,34.4,1,yes,southeast,10606.79
20,female,24.2,2,no,northwest,5929.04
18,female,20.2,0,no,northeast,2269.51
35,male,30.9,0,yes,southwest,2069.51
30,female,32.1,1,no,northwest,20141.06
54,male,28.1,3,no,northeast,14387.36
29,female,39.0,1,no,southwest,8650.12
63,female,34.8,0,no,southeast,13997.74
34,male,47.0,0,no,northwest,1661.35
27,male,26.6,0,no,southeast,3978.06
59,female,27.6,3,no,northeast,24412.87
20,male,33.0,0,no,northwest,1195.08
38,male,17.4,2,no,northwest,6435.32
62,female,31.0,2,no,northwest,8093.93
44,female,32.6,1,no,southeast,4687.11
29,female,39.7,3,no,northwest,35453.3
64,male,29.5,1,no,southwest,6332.84
55,female,20.5,0,yes,northeast,8932.41
38,female,31.8,2,yes,northeast,33047.31
42,male,32.5,0,no,southeast,7225.13
33,male,21.1,3,yes,northeast,7807.53
47,male,31.2,2,yes,northeast,10578.56
26,male,21.6,3,no,northwest,4689.07
45,male,35.1,0,no,southeast,8574.9
55,female,32.5,0,no,northeast,8502.99
42,female,36.6,0,no,southwest,40569.82
29,male,36.7,0,no,southwest,3888.41
27,female,33.8,0,no,southwest,4102.02
42,male,29.6,1,no,southwest,11992.61
64,male,30.0,1,no,southeast,6720.3
45,male,24.6,0,no,southeast,13319.8
26,female,29.2,2,no,northeast,5277.22
27,female,17.5,0,yes,northeast,38936.89
59,male,38.0,2,no,southeast,6288.26
23,female,29.6,0,no,southwest,2389.72
21,female,20.8,0,no,northwest,1644.0
62,female,34.9,0,no,northwest,39314.04
45,female,37.4,1,no,southeast,5742.76
48,male,33.1,0,no,southwest,13236.21
27,female,24.5,0,no,northwest,13659.34
44,male,25.3,0,no,northeast,7998.66
19,female,34.8,1,no,northwest,15070.74
51,female,21.0,0,no,southwest,7160.55
38,male,46.2,5,no,southwest,2015.31
42,male,32.4,1,no,southwest,6122.78
27,female,23.7,2,no,southwest,39058.26
18,female,36.1,1,no,southeast,36950.73
62,female,22.8,2,no,northeast,35489.5
40,female,36.1,0,no,southeast,1631.14
25,female,24.7,0,no,northeast,12308.95
53,male,17.4,2,no,southwest,10010.06
35,male,25.4,0,no,northwest,36966.0
52,female,20.3,1,no,northeast,40337.3
35,male,28.3,0,yes,northwest,4835.16
58,female,25.6,3,yes,southeast,8483.32
34,female,26.8,3,no,northeast,10909.46
46,female,27.7,2,yes,southwest,16574.52
41,female,23.6,2,no,northwest,11955.08
27,female,33.1,3,no,northeast,3308.85
39,male,30.8,3,no,northwest,32570.08
21,female,29.5,2,no,northwest,2232.88
24,female,31.6,2,no,northwest,4910.44
36,female,34.9,3,yes,northwest,45141.48
51,male,37.3,1,no,northwest,7164.03
32,male,30.4,0,yes,northeast,16279.87
27,male,20.0,2,no,southwest,8360.74
60,male,24.9,3,no,northeast,12977.92
50,female,30.8,0,yes,northwest,5744.64
44,female,41.9,1,no,southwest,8831.45
24,female,22.3,1,no,northwest,6198.86
60,female,25.9,0,no,southwest,7805.47
41,male,34.4,0,no,southwest,13461.5
27,male,26.1,1,no,northeast,8502.16
18,male,21.8,0,no,northeast,1203.54
49,male,33.6,3,no,southeast,13885.44
44,female,38.3,2,no,northwest,39331.5
39,male,29.7,0,no,southwest,1180.42
30,female,37.1,1,no,southwest,3543.58
49,male,29.9,2,no,northwest,6571.97
47,male,37.9,0,no,southwest,13386.23
53,female,23.0,0,no,southeast,10892.46
62,female,23.7,0,yes,southwest,21322.36
18,male,38.4,0,no,northwest,1620.95
29,male,28.1,1,no,southwest,7110.99
26,male,36.4,1,no,northwest,8877.2
27,female,22.8,0,yes,northeast,2634.72
30,female,38.6,1,no,northwest,10332.67
59,female,26.2,0,no,northwest,24270.26
43,female,30.0,1,no,northwest,2602.03
57,male,28.4,0,no,northwest,24304.82
26,male,41.7,0,no,southeast,6516.97
42,male,35.0,0,no,southeast,41110.34
19,male,33.6,0,no,northwest,2488.36
26,female,21.5,2,no,southeast,5023.65
27,female,36.2,1,no,northeast,4939.41
31,female,23.7,0,no,southwest,11168.94
37,male,23.8,2,no,northwest,9122.65
27,female,37.0,2,no,northwest,4755.26
24,female,23.3,3,no,northwest,13918.37
27,male,23.8,2,no,southeast,3559.57
18,female,42.8,0,no,northwest,4880.45
23,male,25.7,1,no,southeast,5637.19
60,male,28.9,0,yes,northeast,2244.81
21,male,29.2,0,no,southwest,11843.28
48,male,29.4,0,no,southwest,8670.26
45,female,30.9,0,no,southwest,25747.13
59,male,29.8,0,yes,northwest,13771.21
41,male,39.6,0,no,northwest,16944.59
37,male,36.5,0,no,southeast,1685.67
57,male,32.8,0,yes,southwest,21122.88
64,female,47.6,2,yes,southeast,2688.15
18,male,31.9,2,yes,northwest,34965.15
43,male,37.1,2,no,northwest,7062.23
50,female,34.8,3,yes,southwest,16965.28
47,male,38.8,3,yes,southeast,35036.45
52,female,26.6,0,no,northeast,10151.05
41,male,47.0,0,no,southeast,5250.33
52,female,27.0,2,no,northwest,3825.28
58,female,44.9,3,no,northwest,8379.56
29,female,37.0,0,no,northeast,12516.64
23,male,37.7,1,no,northeast,42942.23
25,male,30.3,0,no,southwest,39873.73
41,male,31.7,4,no,northwest,4843.04
29,male,34.2,1,no,southwest,12226.48
63,female,23.2,2,no,southeast,13922.76
58,female,36.4,1,no,southeast,4513.98
30,male,20.4,1,no,northeast,4793.33
26,female,47.0,0,yes,northeast,3114.57
42,male,24.8,2,no,northwest,5290.18
19,female,34.4,1,no,southwest,23191.43
22,male,25.4,1,no,northeast,5051.49
60,male,21.3,0,no,northwest,2142.37
44,female,20.3,2,no,northeast,6051.07
45,male,30.7,0,no,southwest,13186.61
22,male,30.0,3,no,northwest,5763.01
45,female,36.8,2,yes,southeast,35578.49
46,male,31.5,3,no,northeast,7528.92
31,female,30.4,0,no,southeast,12701.3
58,male,33.0,0,no,southeast,1216.63
64,male,37.8,2,no,southeast,3652.06
30,female,26.8,2,no,southeast,10880.81
54,female,29.1,1,no,northwest,7593.19
45,female,25.8,1,no,northwest,3833.57
34,female,36.6,1,no,southwest,1297.69
33,male,30.7,0,no,northwest,7274.07
58,female,37.4,0,no,northeast,2231.57
22,female,26.6,3,no,northwest,6508.9
44,female,28.4,1,no,northwest,5755.48
55,female,36.5,0,no,southeast,2509.4
26,female,28.5,1,no,southeast,3326.77
46,male,27.5,1,yes,southeast,23795.61
57,female,28.3,2,yes,northwest,9195.01
40,female,43.6,3,no,northwest,21483.53
62,male,29.5,0,yes,southwest,9050.16
38,male,22.9,1,no,southwest,3209.96
46,female,32.7,1,yes,southeast,8772.38
48,male,21.1,1,yes,southwest,8482.62
55,female,28.6,2,no,southwest,1627.08
22,male,37.1,1,no,northwest,7255.69
40,female,38.0,3,no,northwest,40695.92
42,male,34.0,1,no,southeast,6017.23
21,male,21.5,0,no,northeast,13576.84
55,female,37.9,0,no,northwest,34664.6
36,female,33.4,1,no,northwest,11483.26
21,male,37.3,2,yes,southwest,7077.72
27,female,20.7,0,no,northwest,3142.31
57,female,22.6,0,no,northeast,14584.85
53,male,27.2,0,no,northwest,3370.9
39,male,44.3,0,yes,northeast,11184.94
42,male,31.8,0,no,southwest,6286.98
63,male,41.4,0,no,southwest,9611.99
63,female,19.2,0,no,southeast,1850.12
41,male,22.1,1,yes,northwest,15951.14
53,male,31.1,1,no,southeast,9597.85
62,male,39.8,1,no,southwest,1955.06
42,male,44.1,0,no,northeast,14784.52
51,male,31.1,1,no,northwest,4438.09
63,female,31.8,2,no,northeast,46702.54
26,male,29.7,3,no,northeast,18399.88
25,male,29.0,2,no,northeast,6588.16
54,male,39.9,0,no,northeast,26607.51
34,male,22.9,0,no,southeast,2356.38
27,female,44.1,0,no,southeast,1610.6
31,male,38.1,0,no,southwest,7767.29
37,female,34.1,3,yes,northeast,39360.44
40,female,23.2,2,no,northeast,34459.34
34,female,30.0,0,no,southwest,9563.87
37,female,21.3,1,no,northwest,6009.32
26,female,37.7,1,no,southwest,34382.88
30,male,25.4,1,no,southwest,9988.9
25,female,20.5,1,no,northwest,1326.22
49,male,34.6,0,no,northeast,9168.14
55,female,32.4,3,no,southeast,46313.04
52,male,32.7,0,no,northwest,5285.43
38,male,25.9,0,yes,southwest,23620.74
23,male,31.8,1,no,northwest,29923.28
45,female,38.3,0,yes,northwest,12700.55
46,male,47.5,0,no,southeast,5443.91
48,female,47.3,1,no,southwest,5429.93
55,male,24.7,0,yes,southwest,21884.57
59,female,30.4,1,no,northeast,7139.46
24,male,25.4,3,no,southeast,4255.74
18,female,17.4,0,no,southeast,12778.47
18,female,37.5,0,no,northwest,1614.37
18,female,36.0,0,no,southwest,34752.07
20,male,39.8,1,no,northeast,8488.6
52,male,35.2,1,no,northeast,7581.41
22,male,25.9,0,yes,southeast,8769.63
49,female,34.6,3,yes,northeast,23476.55
45,female,28.7,0,no,southwest,6464.13
18,male,25.5,0,no,northeast,6660.29
54,female,47.6,1,yes,southeast,7545.24
35,male,38.1,2,yes,northeast,44311.25
31,female,41.6,1,no,northwest,4060.86
61,male,30.9,0,no,northwest,13181.17
32,female,20.4,0,no,northwest,2866.07
32,male,28.9,2,no,northwest,5393.45
56,male,33.1,1,no,southeast,3346.06
42,male,30.0,1,no,southeast,4758.37
24,male,22.6,2,no,northwest,46316.63
18,female,30.7,0,no,northeast,1215.09
63,male,29.4,3,no,southwest,21493.42
64,female,40.3,2,no,northeast,7082.05
22,male,27.7,1,no,northwest,5253.52
55,male,23.6,0,yes,southwest,1716.52
31,female,23.7,1,no,southwest,2755.01
57,female,43.5,2,no,southeast,9896.44
53,male,19.0,2,no,northeast,15562.98
19,female,32.4,0,no,southeast,2411.84
19,male,36.8,1,no,southwest,4040.03
25,female,31.9,0,no,southwest,13061.75
41,male,31.4,3,no,northeast,5325.64
53,male,37.7,1,no,northwest,9876.85
35,female,33.9,2,no,southwest,8233.3
50,male,24.3,2,no,southeast,5112.87
32,female,17.3,3,no,northeast,9984.46
19,male,27.5,0,no,southwest,1298.68
42,male,25.4,3,yes,northeast,30880.42
59,male,34.6,0,no,southeast,1619.23
48,female,27.5,0,no,northwest,9351.98
22,female,47.0,0,no,northwest,6488.58
50,male,27.7,3,no,northwest,11327.8
45,female,27.0,1,no,northwest,2175.18
54,male,20.9,3,no,northeast,35609.34
58,female,35.9,1,no,southeast,46819.61
21,male,28.4,0,no,northeast,12428.9
47,female,27.3,2,no,southeast,7161.37
27,female,31.1,2,no,southeast,41753.37
50,male,20.8,0,no,northwest,13949.3
28,female,23.7,2,no,southeast,4794.69
52,female,17.5,1,no,northwest,7721.37
55,male,23.6,0,no,southwest,11905.06
53,female,47.3,1,no,southwest,13603.32
53,male,45.2,1,no,southeast,1719.21
29,female,34.2,1,no,northwest,6113.45
48,male,28.7,2,no,southwest,13235.87
56,female,33.8,0,no,northeast,13584.7
18,male,25.0,2,no,northeast,35683.95
49,male,32.6,2,no,southeast,10329.18
26,female,30.7,2,no,northeast,3927.05
44,male,37.1,1,no,northwest,50226.23
30,male,28.9,2,no,southwest,6510.57
48,male,28.7,1,yes,northwest,21580.54
29,female,26.3,3,yes,northwest,5366.73
40,male,23.6,0,yes,southwest,6734.91
18,female,32.3,3,no,northeast,7129.14
42,male,34.8,2,no,southwest,5348.68
25,male,38.4,2,no,southeast,34748.31
47,male,34.0,0,no,southwest,7697.64
23,female,31.1,0,no,northeast,5310.41
50,male,29.8,2,no,southeast,4080.35
23,male,38.8,1,no,northeast,6139.69
59,male,20.8,0,no,northeast,1692.99
27,male,26.0,0,no,northeast,3231.82
39,female,30.7,3,no,northeast,10099.2
18,male,33.8,4,no,northeast,1670.47
24,male,26.5,0,no,northwest,3316.73
50,male,33.3,0,yes,southeast,10431.9
38,female,27.1,0,no,northwest,13857.44
22,female,38.2,0,no,southwest,3032.76
63,male,27.1,1,yes,northwest,26117.57
25,female,30.3,2,no,northwest,7348.03
46,male,17.3,1,no,southeast,8327.43
44,female,24.1,0,yes,southwest,9951.37
46,female,25.7,0,no,northeast,14630.18
45,female,33.4,0,no,southeast,1612.9
20,male,23.4,0,no,southeast,8465.41
49,female,37.8,0,no,southwest,11375.78
32,female,36.9,1,no,northwest,2264.24
35,male,21.2,3,no,northwest,5900.87
40,female,34.0,2,no,southeast,11429.17
44,male,28.5,2,no,northeast,31063.03
34,female,33.7,0,no,northwest,2217.49
18,female,23.4,3,no,northeast,2207.52
29,female,20.6,3,no,southwest,12454.86
53,male,24.8,0,yes,northeast,16765.23
24,male,22.3,2,no,southwest,3534.93
43,female,28.8,3,no,southeast,10244.53
23,female,17.3,2,yes,northeast,12897.84
24,male,28.4,3,no,northwest,11466.89
43,male,21.1,0,no,northeast,18790.63
31,female,35.7,1,no,southeast,9388.16
18,male,20.2,0,no,southeast,18648.59
64,male,27.1,0,no,northwest,5355.08
62,female,35.3,2,no,northwest,13509.21
53,male,37.7,0,no,southeast,11872.82
41,female,36.2,1,no,southwest,38132.09
55,female,29.2,2,no,southeast,19763.42
47,male,38.9,0,no,northeast,8536.91
40,male,17.9,1,yes,northwest,14676.79
31,female,37.1,1,no,southeast,4739.82
24,male,32.2,0,no,southeast,1163.32
32,female,24.7,1,no,northwest,10948.63
19,female,28.5,0,yes,southwest,8239.54
18,female,17.4,3,no,northeast,3218.07
23,male,29.9,4,no,southeast,29142.29
27,male,23.0,4,no,southwest,5508.58
31,male,44.1,1,yes,southwest,18264.38
19,female,26.5,0,no,northwest,10577.29
28,female,27.3,0,no,northeast,2162.79
28,male,32.8,2,no,southeast,20095.98
32,male,37.0,2,no,southwest,7172.32
58,male,30.2,2,no,northeast,13258.74
62,female,21.2,0,yes,southwest,18405.4
50,male,25.3,2,no,northwest,7160.56
34,female,22.6,2,no,southwest,8277.61
36,male,31.5,2,no,southeast,40259.33
46,male,29.1,0,yes,southwest,2286.53
62,male,20.1,2,no,northwest,4784.97
58,female,35.6,0,no,northwest,8696.41
32,male,30.0,0,no,southwest,10803.67
28,male,35.0,1,no,southeast,3760.75
20,female,33.1,0,yes,southeast,44181.51
42,male,29.2,3,no,southeast,1626.33
50,female,26.0,1,no,southwest,6618.24
34,male,37.4,0,no,southwest,4575.16
26,male,34.6,2,no,northwest,43357.43
21,female,35.5,2,no,southeast,7257.99
54,male,30.6,0,no,northwest,14387.69
22,female,33.7,2,yes,southwest,2937.35
43,male,27.1,0,no,southeast,2027.3
30,male,25.8,4,no,southwest,3728.89
55,male,17.3,1,no,southwest,6936.13
52,female,40.5,0,yes,southwest,34692.87
46,female,32.4,2,no,northwest,8278.32
53,male,34.9,3,yes,northwest,39112.03
24,female,33.2,1,no,southeast,4012.79
21,male,35.9,1,no,southeast,2232.62
48,male,18.2,0,no,northwest,2635.03
45,male,30.0,0,no,northwest,1683.88
37,female,28.3,0,no,southwest,7804.38
23,female,23.6,0,yes,southeast,4352.58
64,female,33.0,1,no,southeast,5228.42
26,male,36.3,0,no,northwest,1726.48
54,male,27.5,0,no,northwest,12945.73
61,female,35.2,2,no,southeast,6186.39
32,male,25.9,2,no,northeast,7260.91
42,male,30.1,0,yes,northwest,39890.77
38,female,26.7,0,no,southwest,5931.98
27,female,26.8,1,no,southeast,6585.71
30,female,33.7,2,no,northwest,5398.33
26,female,46.8,0,no,southeast,7735.86
44,female,27.4,0,no,southeast,32974.4
61,male,35.6,3,no,northwest,20071.38
58,female,25.9,0,yes,northeast,13316.77
44,male,24.6,0,no,southwest,5289.33
32,female,23.9,2,no,northeast,4996.19
28,female,20.6,1,no,southeast,4697.3
22,male,37.7,1,yes,southeast,40765.31
37,male,34.1,0,no,northeast,25865.56
18,female,31.0,2,yes,northeast,26907.36
56,female,20.7,2,no,northeast,2351.15
30,male,35.9,0,no,northeast,26470.6
26,female,29.3,0,no,northeast,13558.82
41,male,32.6,2,no,southwest,6231.23
46,male,43.3,0,no,southeast,1643.82
50,female,38.1,0,yes,northeast,9987.22
47,male,31.7,0,yes,southwest,26480.2
39,female,44.9,3,no,southwest,4104.95
30,female,33.5,2,no,southeast,38252.74
33,male,27.1,1,no,southwest,9925.4
52,male,33.9,2,yes,northeast,8803.45
33,female,22.5,0,no,northeast,23124.6
45,male,27.3,0,no,northwest,45024.52
30,male,30.1,3,no,northeast,3652.77
56,male,28.6,0,no,northeast,10171.82
61,female,28.7,3,yes,southeast,5898.37
57,female,28.7,1,no,southwest,11995.86
34,female,24.0,1,no,northeast,13046.57
46,female,22.6,2,no,southwest,8702.74
39,female,33.7,2,no,northwest,7744.69
41,male,27.8,1,no,southeast,22039.55
31,female,20.8,2,no,southwest,4912.85
24,male,23.3,0,yes,northwest,7354.93
52,male,39.4,1,no,southwest,14251.24
34,male,45.5,2,no,northeast,13035.81
22,male,33.0,3,no,southeast,2771.12
62,female,23.1,0,no,northeast,4351.3
53,female,35.4,3,yes,southeast,19173.74
31,female,33.7,1,no,northwest,6179.63
52,female,23.8,0,no,northeast,9082.96
39,male,23.6,1,no,northwest,12117.27
36,female,33.9,0,no,northwest,31650.07
50,male,30.0,3,no,southwest,10259.29
47,female,25.6,0,no,southwest,16912.27
27,male,37.0,0,yes,northwest,2444.66
56,female,21.9,0,no,northwest,10906.86
55,female,28.7,0,no,southwest,2442.75
42,female,26.9,0,no,northwest,2719.7
40,female,26.8,3,no,northwest,25929.84
50,female,33.2,4,no,southeast,6906.35
32,female,31.6,2,no,northwest,2184.37
20,female,26.6,0,yes,southwest,24465.6
62,female,20.8,3,no,northwest,6488.35
38,male,28.1,0,no,southwest,6474.47
33,female,25.8,0,no,northwest,11184.68
53,female,17.4,1,yes,northeast,13089.02
23,male,26.9,0,yes,southwest,16036.12
18,female,34.9,0,no,northeast,2249.88
28,male,28.6,1,no,northwest,19925.03
43,male,30.0,0,yes,southwest,16796.35
47,female,26.2,1,no,northeast,4722.27
39,male,43.9,5,no,southwest,48352.96
45,female,28.9,0,yes,southeast,1714.22
22,male,37.7,0,no,southeast,1682.79
20,female,45.6,1,no,northwest,11001.38
37,male,30.1,1,no,northwest,6572.98
35,female,34.0,0,no,southwest,6512.02
32,female,32.8,1,no,southwest,8494.02
27,female,21.2,3,no,northwest,7788.59
18,female,24.0,2,no,northeast,13494.13
59,male,37.9,4,no,northeast,3295.0
61,male,25.7,0,no,northeast,14342.11
29,female,38.2,0,yes,southeast,11863.93
37,female,29.9,0,yes,northwest,1907.69
33,female,32.8,0,no,southwest,10842.5
29,female,31.5,3,no,southeast,12235.75
44,female,30.5,1,yes,southwest,20298.35
18,female,36.4,4,yes,northeast,37516.51
45,female,27.7,0,no,southeast,1713.52
22,male,28.5,0,no,northeast,2353.44
51,male,22.4,1,no,northeast,8773.66
24,female,27.0,3,no,southwest,4371.9
18,female,38.0,3,no,southeast,13404.55
38,male,37.2,0,no,southeast,4608.15
36,male,22.5,0,no,northeast,20342.57
56,female,26.4,1,yes,southwest,10068.29
36,male,26.0,4,yes,southeast,4324.65
60,female,45.3,0,no,northwest,9016.84
35,male,33.0,3,no,southeast,19254.18
50,male,30.6,4,yes,northwest,48084.61
33,male,33.3,2,no,southeast,40771.42
57,male,38.7,2,no,southeast,8301.15
23,male,36.4,3,no,southeast,10664.43
52,female,39.0,0,no,northeast,9201.81
51,female,47.1,1,no,northwest,9847.77
32,female,29.0,0,no,northwest,8465.31
21,male,31.3,1,no,northwest,16703.83
41,male,29.8,1,yes,southeast,12653.84
29,male,23.3,2,no,southwest,23311.26
39,female,40.4,0,no,southwest,2095.45
58,male,23.3,1,no,northeast,3761.04
48,female,20.1,0,yes,southeast,11854.36
18,female,34.1,2,no,southeast,5185.89
22,female,42.0,3,no,southeast,9900.42
18,male,17.4,1,no,northeast,11234.17
57,female,21.8,2,no,northeast,40153.57
53,male,20.7,0,no,southwest,25755.73
36,male,25.8,3,yes,southeast,19576.97
55,female,24.4,3,no,northeast,18128.23
44,female,37.7,2,no,southwest,9678.61
54,male,28.1,0,no,southwest,2839.0
51,male,31.1,1,no,northwest,4527.55
63,male,39.3,3,no,northeast,14554.1
29,male,28.3,1,no,northeast,2188.83
48,male,36.1,3,no,southeast,13398.76
60,male,36.7,0,yes,northwest,4986.92
38,female,37.4,2,no,southeast,6467.72
26,female,22.6,5,no,northwest,4629.05
43,female,28.0,3,no,northwest,35192.58
37,female,28.7,3,no,northwest,14583.44
41,male,21.2,3,no,northwest,6059.52
33,male,29.2,2,no,southwest,1666.9
31,male,39.9,2,yes,southwest,23281.59
42,female,34.7,0,yes,northeast,45950.41
20,male,37.7,2,no,southwest,1470.06
24,male,30.6,0,no,southwest,10330.86
44,male,29.8,3,no,southeast,11305.97
26,male,38.3,2,yes,northeast,16355.83
45,male,30.3,0,no,northeast,12488.86
22,male,34.1,0,no,northwest,4368.25
48,male,32.4,0,no,southwest,25646.04
44,female,24.4,3,yes,northwest,4548.89
59,female,37.1,1,no,northwest,7669.03
33,male,39.4,3,no,northeast,2490.56
54,male,25.5,3,no,southeast,4001.18
57,female,24.3,4,no,southwest,6851.23
29,male,26.7,0,no,northwest,16389.79
41,male,29.7,3,no,southwest,4344.81
40,female,37.3,1,yes,northeast,13563.13
25,male,43.3,3,no,southeast,42495.34
39,female,39.2,0,no,northwest,14694.33
30,male,31.2,2,no,northwest,21408.77
56,male,29.7,0,no,southeast,48236.08
29,male,36.2,1,no,southeast,8150.17
23,male,29.6,1,no,southeast,4488.08
59,male,25.2,0,no,northwest,9879.65
45,male,26.0,1,no,northeast,6663.69
22,male,37.2,2,yes,northwest,31309.37
28,male,19.4,3,no,southwest,3171.35
61,female,27.7,4,yes,northwest,5579.89
62,female,30.9,1,yes,southeast,7404.17
27,female,33.9,3,yes,southeast,47619.32
18,male,43.5,1,no,southwest,10061.99
59,male,17.5,2,no,northwest,6363.12
29,female,26.2,1,no,northeast,7711.78
33,female,34.7,0,no,southeast,35800.07
44,male,29.8,0,yes,southwest,8769.1
33,female,24.8,0,no,southwest,24921.46
37,male,31.0,1,yes,northeast,3336.08
51,female,29.7,3,no,northeast,3862.52
60,female,22.7,3,no,northeast,19582.46
42,male,25.4,1,no,northeast,3804.52
31,female,40.8,3,no,southwest,1661.69
63,male,31.5,0,no,northeast,11271.46
58,female,32.7,0,no,northeast,15757.45
18,male,30.8,0,yes,southwest,35765.07
26,male,21.7,0,yes,northeast,17573.14
32,female,33.9,4,no,northwest,38014.49
25,female,23.5,3,no,northwest,3444.84
35,male,23.3,3,no,northeast,6402.53
28,male,33.3,3,yes,northwest,10401.05
43,male,35.6,0,no,southwest,31484.43
60,male,39.3,0,no,southeast,13303.05
61,female,33.9,0,no,southwest,8794.65
52,male,32.2,1,no,southwest,6735.97
62,male,28.1,0,yes,southeast,35664.31
41,male,33.6,2,yes,southeast,40801.69
36,female,21.5,1,no,southwest,11909.91
61,female,22.0,0,no,northwest,2241.86
24,female,30.9,2,no,northwest,4502.03
28,male,36.7,1,no,northeast,17253.32
48,female,31.2,3,no,southwest,9957.16
36,female,25.3,2,no,northeast,11513.77
25,male,29.2,0,no,northwest,2810.11
34,female,32.6,2,yes,southwest,48819.08
41,female,28.1,2,no,southwest,6717.8
32,male,30.9,1,no,northeast,3430.13
43,female,28.6,0,no,northeast,2164.72
44,female,29.9,0,no,northwest,2833.19
34,female,20.7,0,no,northwest,10556.13
47,male,31.1,0,no,southeast,2201.65
50,female,37.9,0,no,northeast,2300.69
43,male,33.2,4,yes,southwest,5408.32
19,female,26.8,3,no,southwest,8606.02
33,male,23.0,0,no,northeast,8443.25
56,male,25.8,2,no,northeast,40414.17
45,female,36.4,0,no,northwest,12727.55
47,female,34.5,1,no,northwest,15042.57
30,female,21.2,2,no,northeast,5418.79
45,male,33.9,3,yes,northwest,8794.76
38,female,34.4,0,no,northwest,2406.81
60,male,26.8,2,no,southeast,8346.86
22,male,34.0,0,yes,southwest,36728.54
32,female,26.3,3,no,northwest,13929.95
38,male,32.1,2,no,northeast,4380.41
19,male,32.5,2,no,southeast,35799.39
18,male,22.0,0,no,northeast,5681.02
43,male,29.1,0,no,northeast,12060.91
31,female,28.2,1,yes,northeast,5211.74
50,female,25.5,1,no,northwest,19886.48
48,male,35.8,0,no,northeast,2190.27
58,male,34.0,1,no,northeast,14529.42
35,female,43.7,2,no,southwest,6995.78
53,female,43.3,1,no,southeast,21714.9
19,male,33.3,0,no,northeast,1150.24
18,male,27.9,1,yes,northwest,10927.07
46,male,31.9,3,no,northwest,8882.72
29,male,34.9,1,no,southwest,5669.45
50,female,21.3,3,no,northwest,3255.93
18,female,23.9,0,yes,southeast,1232.26
64,male,47.6,2,yes,southeast,9185.97
63,female,35.3,0,no,southwest,8498.32
54,male,36.4,1,yes,southeast,47945.77
20,male,33.9,1,yes,southeast,4993.29
62,male,42.0,0,yes,northwest,1908.22
38,male,30.0,2,no,southwest,9280.98
45,male,25.7,0,yes,northeast,12754.67
60,female,29.3,5,yes,southeast,24262.96
43,female,21.7,0,no,southwest,9376.38
60,male,30.0,0,yes,southwest,1241.08
48,male,37.8,1,yes,northeast,22470.88
53,female,22.1,0,no,northeast,40871.28
36,male,29.8,3,no,southwest,1949.03
57,male,40.3,3,no,northeast,48043.06
63,female,31.0,0,no,northwest,14332.03
24,male,30.5,0,no,southeast,12395.12
27,female,47.6,1,no,northeast,3199.02
41,female,35.8,2,yes,northwest,12638.48
23,male,30.8,2,no,southeast,3267.67
48,male,43.4,2,no,southeast,4952.28
27,female,24.3,0,no,northwest,7255.82
45,female,36.1,0,no,southeast,13584.68
37,female,26.4,3,no,northeast,5309.1
62,female,29.4,4,yes,northwest,4035.03
46,female,33.1,0,no,northeast,11535.55
34,female,34.2,0,no,southwest,38369.83
54,male,34.3,3,no,southeast,41037.71
50,male,31.6,0,no,northeast,10486.98
43,female,36.3,0,no,southeast,8330.7
48,male,27.6,0,yes,northeast,20845.74
55,male,28.7,2,no,northwest,4704.78
21,female,38.4,0,no,southeast,2938.49
43,male,25.5,1,no,southeast,22294.69
63,female,27.5,3,no,southwest,6623.25
50,male,37.6,0,no,southeast,14503.95
62,female,22.6,5,no,southwest,11865.83
60,male,26.2,0,yes,northwest,2048.04
59,male,32.0,2,yes,northwest,9098.26
18,female,29.6,0,no,northwest,1609.75
28,male,25.1,2,no,southwest,21594.95
30,male,28.3,0,no,southwest,8379.56
62,female,33.8,0,no,northeast,5200.89
56,female,26.8,0,no,southwest,5279.47
24,male,20.8,0,no,southeast,2368.33
33,male,34.1,0,yes,southwest,34505.34
25,female,32.7,1,no,northwest,7326.33
39,female,36.8,0,no,northwest,7774.29
58,female,38.3,0,yes,northwest,13376.75
30,male,30.8,0,yes,southwest,26310.58
26,female,35.5,1,yes,southeast,34929.17
34,female,20.9,0,yes,northwest,2485.73
61,male,31.7,2,no,northeast,19364.6
24,female,33.1,2,no,southwest,10252.09
55,female,20.6,2,no,northwest,19805.3
18,female,26.8,1,no,southeast,2188.99
47,male,33.9,1,no,northeast,4990.07
56,female,27.4,1,no,southeast,8639.29
60,male,26.0,0,no,southwest,5563.2
52,male,37.9,0,no,northwest,26391.7
38,female,27.6,2,no,northeast,4510.74
49,female,31.6,1,no,southeast,50535.76
43,female,25.7,1,no,southwest,10688.54
27,female,35.8,4,no,northeast,4913.97
63,female,23.3,0,no,northeast,11777.96
51,female,23.4,0,no,southwest,8790.31
55,female,34.5,2,no,northeast,10015.53
18,male,17.4,0,no,southwest,1234.0
45,female,37.8,0,yes,northwest,11129.45
22,male,28.2,3,yes,northwest,1728.57
20,female,28.2,0,yes,northwest,8702.89
22,female,26.8,0,no,southwest,13988.68
50,male,29.8,0,no,southwest,12129.2
21,female,37.9,1,no,northwest,1627.69
63,female,32.4,0,no,southeast,43068.55
54,male,34.0,0,no,northeast,1633.95
23,male,22.8,1,no,northwest,10850.56
55,female,30.2,2,no,northwest,4675.28
50,female,22.4,2,yes,southwest,19760.97
42,female,32.9,3,yes,northwest,8512.93
60,male,20.1,1,yes,northwest,10586.5
62,female,17.4,2,yes,northwest,6482.53
59,male,24.7,0,no,northwest,4396.33
26,male,20.7,1,no,southeast,2454.13
44,male,27.5,1,no,southwest,9392.76
42,female,26.6,0,no,southeast,4462.2
28,male,21.5,2,no,southwest,5853.37
21,female,34.4,3,no,southwest,12072.31
56,male,29.1,0,no,southwest,1513.56
40,female,33.0,2,no,northwest,23818.68
26,female,23.0,0,no,northeast,1975.54
29,male,28.2,0,no,northwest,10414.95
24,female,22.3,3,no,southwest,11498.14
39,female,33.6,0,no,northeast,1236.47
62,male,30.1,0,yes,southwest,34060.28
50,female,30.4,3,no,northwest,5333.18
46,female,22.5,2,no,southwest,3307.32
45,female,24.4,0,no,northeast,5385.6
46,male,28.8,0,yes,northeast,8966.73
58,female,28.0,0,no,southeast,17925.81
31,male,31.8,0,no,northwest,9188.05
55,female,25.3,0,no,southeast,37013.91
29,female,31.7,2,no,southwest,19353.6
19,male,27.3,0,no,southwest,1967.97
56,female,17.5,1,yes,southeast,6730.13
41,female,24.2,0,no,southeast,12314.17
58,male,28.5,0,yes,southeast,1730.96
22,female,27.6,1,no,southwest,4543.43
29,female,33.3,1,no,southeast,8180.92
38,female,21.3,0,no,southwest,13493.91
45,female,29.2,1,no,northwest,3204.38
48,female,43.8,2,yes,southeast,10757.96
32,male,32.9,2,no,northeast,35293.94
41,female,28.5,0,no,southwest,6228.21
23,female,28.7,3,no,northeast,6956.96
38,male,26.1,1,no,northwest,8195.74
25,male,23.6,3,no,southeast,4743.53
38,male,21.1,0,no,northeast,4352.83
28,male,31.1,3,yes,northeast,5952.93
34,female,33.2,3,no,southwest,35657.45
38,female,26.9,0,no,northeast,16115.76
32,male,32.4,1,yes,northwest,35808.66
31,male,34.9,3,no,southeast,11408.84
31,male,31.5,1,no,northwest,33974.14
26,male,47.5,3,no,southeast,9917.69
29,male,38.1,1,no,northeast,9924.49
36,female,31.3,3,no,southwest,4961.82
58,female,32.0,0,no,northwest,7889.05
59,male,28.2,4,no,southeast,4730.63
64,male,46.3,2,no,southwest,16871.98
48,female,28.5,0,yes,northeast,10813.87
58,male,25.3,1,yes,northeast,20611.6
51,male,22.6,2,no,southwest,6434.68
44,male,33.8,0,no,southeast,1894.53
29,male,43.2,0,no,southwest,12636.46
33,male,27.2,0,no,northwest,1620.0
64,female,29.8,2,yes,southeast,9435.92
27,male,22.3,2,no,northwest,10496.73
60,male,34.8,0,no,northwest,1978.75
38,female,32.1,2,no,northwest,52129.32
60,male,25.7,1,no,southeast,37567.9
27,male,37.2,3,no,northwest,34966.04
63,male,47.5,1,no,southeast,9480.13
47,male,28.9,0,yes,northeast,11685.67
18,female,27.2,0,no,southeast,1669.75
32,male,47.5,0,no,southeast,1793.32
52,female,31.9,2,yes,northwest,11485.37
42,male,30.0,1,no,northwest,6427.62
45,female,32.0,0,no,northwest,13573.85
64,male,38.3,2,yes,southeast,11749.9
52,male,27.6,3,no,southwest,11145.47
22,female,20.7,1,no,northeast,14624.62
31,male,26.5,3,no,northwest,12191.72
54,male,17.3,2,no,northwest,2691.83
39,male,29.6,0,yes,northeast,9033.79
47,male,33.9,0,yes,northwest,21478.54
45,female,25.2,0,no,northwest,1692.11
53,male,43.7,3,no,southwest,5680.94
59,female,47.6,1,no,northeast,5308.04
24,female,35.5,2,no,northeast,10104.14
19,male,26.2,0,yes,northwest,1612.64
53,male,32.8,3,no,northeast,9324.62
30,female,30.6,2,yes,northeast,1737.39
27,male,34.2,2,no,northeast,9697.37
21,male,34.3,0,no,southwest,14410.73
41,female,28.1,1,yes,northwest,2728.16
50,female,34.6,0,no,northeast,4924.8
58,male,27.5,1,no,southeast,9797.99
40,male,25.5,0,no,northwest,3970.09
55,male,29.9,1,no,southwest,3988.9
27,female,29.4,1,no,northeast,4857.14
64,male,40.3,0,no,northeast,1852.04
19,female,27.7,1,no,southwest,6465.08
29,male,27.2,1,no,northeast,13207.56
28,female,32.6,1,no,northwest,10480.78
38,female,39.8,0,no,southeast,5950.06
46,female,38.1,2,no,northeast,13333.52
42,female,28.4,1,no,southeast,6853.99
45,male,30.6,0,no,southwest,33875.57
58,female,28.2,0,no,northwest,11856.08
43,female,38.1,0,no,southeast,6280.57
19,male,23.0,2,no,southwest,7568.39
32,female,31.3,2,no,southeast,12699.93
48,male,39.4,0,no,northwest,4983.19
36,female,27.7,2,no,northwest,8029.79
40,male,38.1,3,no,northeast,12523.74
23,male,22.9,2,no,southeast,7961.32
35,female,47.1,1,yes,northwest,5358.39
50,female,25.0,1,no,northeast,5725.06
47,male,31.0,2,no,northeast,13038.17
39,female,39.7,1,no,southeast,3949.02
42,female,45.7,0,no,northwest,14285.05
58,female,36.3,1,no,northwest,49787.54
36,male,26.3,2,no,southeast,9751.03
18,female,24.1,3,no,northeast,1238.66
51,male,17.3,0,yes,northwest,25704.13
25,female,27.8,1,no,southwest,5774.23
36,male,22.1,4,no,northwest,38461.74
23,male,28.5,2,no,northwest,4669.78
52,female,38.6,1,no,southwest,46717.84
62,male,30.5,1,no,northeast,3645.44
61,female,34.3,1,no,southeast,40465.1
49,female,30.4,1,no,northwest,9341.3
37,male,20.0,2,no,northeast,18109.5
33,female,17.5,2,no,southwest,4422.24
51,female,35.9,1,no,southwest,9513.27
45,female,27.5,2,yes,northeast,16545.89
38,female,34.5,2,no,northeast,4035.8
19,male,33.0,3,no,northwest,10286.48
36,male,27.1,1,yes,northeast,22246.01
55,male,23.8,2,yes,southwest,11269.4
44,male,33.6,0,no,southeast,2371.97
57,male,35.9,2,no,northeast,8914.32
39,female,30.8,3,no,southwest,6955.5
59,male,29.3,1,no,northwest,9516.19
39,female,27.9,1,no,southwest,10793.35
30,male,34.3,5,no,southwest,5072.36
52,male,34.6,0,no,southeast,5536.12
30,male,27.0,1,yes,northwest,4779.21
64,female,46.9,1,yes,southwest,7126.33
44,female,27.6,2,yes,southeast,10491.78
53,female,42.7,1,no,northeast,11312.44
39,female,23.1,1,no,northwest,17549.55
64,male,25.7,3,no,northwest,5382.69
39,female,24.8,1,yes,northeast,23487.54
31,male,31.8,3,no,southeast,4212.6
33,male,33.4,2,no,southeast,4422.45
50,female,20.1,0,no,southwest,4583.55
30,male,27.8,1,no,southeast,7659.39
52,male,31.1,1,no,northwest,8730.73
38,male,35.1,0,no,northeast,36023.09
18,female,17.4,0,no,northeast,3999.1
27,female,31.6,3,no,northeast,7318.41
31,female,21.5,0,yes,northwest,9009.04
63,male,33.2,0,no,northeast,4129.69
37,male,27.9,0,no,northeast,2150.23
62,male,33.6,0,no,northwest,12974.15
55,male,28.8,2,no,southeast,6016.57
35,female,29.8,0,no,northeast,7437.06
55,male,35.5,4,no,northeast,9693.76
58,female,24.1,0,no,northeast,17503.18
20,male,29.5,0,no,northeast,39362.21
63,male,32.6,0,no,southwest,40546.31
60,male,27.9,0,yes,southeast,35254.14
22,male,38.0,1,no,northeast,23454.04
37,male,34.2,0,no,southwest,24079.44
64,male,27.4,1,no,northwest,7673.72
34,female,27.9,2,yes,northeast,13641.18
40,female,36.7,2,yes,southeast,4335.85
49,female,27.6,0,yes,southwest,9727.69
33,male,37.7,2,yes,northwest,4474.82
36,male,37.3,0,no,northeast,13605.07
53,male,37.1,1,no,southwest,10112.98
48,female,24.8,0,no,southwest,2148.97
28,male,28.3,1,no,southeast,2659.05
36,male,32.1,1,no,northwest,8302.5
33,male,25.5,1,no,northwest,10032.09
36,male,25.8,0,no,southeast,10393.54
45,male,23.4,0,no,southwest,1631.42
26,male,29.6,1,no,northwest,3588.2
29,female,42.3,2,yes,northwest,4505.55
48,female,32.0,1,no,northeast,8266.65
41,female,29.8,3,no,northeast,7928.23
31,male,41.4,0,no,northeast,50452.24
46,male,25.9,0,no,southeast,35907.4
23,male,42.3,2,yes,southwest,14445.98
20,female,31.3,2,yes,northeast,9142.62
64,male,17.3,3,no,southwest,10053.73
39,male,29.1,0,no,northeast,39637.72
58,male,26.1,1,no,southeast,5937.03
52,female,23.1,3,no,northeast,5250.59
27,male,26.3,0,no,northwest,2838.53
42,male,47.3,0,no,northeast,20658.94
33,male,32.6,1,no,southwest,4539.45
23,male,26.6,2,no,northwest,4330.03
55,male,23.1,1,no,northeast,13708.58
62,female,46.5,0,no,southwest,3718.9
34,female,33.1,2,no,northwest,2393.97
36,male,32.6,0,no,northeast,30514.15
49,male,35.0,0,no,southwest,9312.2
29,female,30.2,3,yes,northwest,44008.57
33,male,37.1,2,no,southeast,22111.58
46,female,23.2,1,no,northwest,3232.88
51,female,36.8,2,yes,southeast,9859.79
25,female,32.8,0,no,southwest,36540.14
23,female,30.2,0,no,southeast,6256.42
28,male,35.4,0,no,northeast,10271.2
56,female,25.0,2,yes,southeast,23298.32
32,male,43.5,3,yes,northeast,7546.47
28,female,35.8,0,no,southwest,22027.82
63,male,27.3,1,no,southeast,2993.52
37,female,24.9,2,yes,southwest,3541.93
28,male,28.7,1,no,southwest,4723.32
55,male,29.8,2,yes,southwest,4994.56
40,male,36.0,3,no,southeast,5395.59
58,female,25.8,2,no,southwest,18708.9
45,male,35.7,3,no,northeast,2554.64
54,female,27.5,0,no,southwest,2677.95
40,male,32.1,0,no,southwest,3637.58
41,male,30.1,1,no,southwest,4791.66
44,male,31.1,0,no,northwest,3299.54
60,male,25.8,2,no,northwest,28440.93
18,male,38.0,3,yes,northeast,10299.23
20,male,25.4,3,no,northwest,9940.12
24,male,33.1,0,no,southeast,1158.99
22,male,37.9,0,yes,southwest,5961.21
48,female,43.3,0,no,southeast,22756.76
43,male,25.4,1,no,northeast,6588.62
48,female,28.9,0,no,southwest,12368.83
29,female,17.7,0,no,southwest,11950.4
32,female,20.2,2,no,southwest,5011.52
24,male,33.9,0,no,southwest,11275.38
42,male,31.1,0,no,southeast,1675.63
52,male,40.6,3,no,southwest,2057.2
25,male,45.9,3,no,southwest,16533.33
53,female,29.7,2,no,northwest,8188.77
20,male,27.7,3,yes,northwest,6418.38
45,male,33.2,0,no,northeast,34241.8
57,male,21.4,2,no,southeast,3759.52
37,male,25.9,0,no,northeast,11511.93
45,male,38.4,2,no,northwest,6933.99
44,male,37.9,2,no,northwest,8076.96
27,male,31.1,3,yes,southeast,39067.38
33,male,40.0,0,no,northwest,19658.5
37,female,31.6,3,no,northeast,14473.71
33,male,37.6,0,no,southeast,4581.39
26,male,30.0,0,no,southwest,10432.97
52,female,23.6,0,no,northwest,17467.38
20,male,37.5,1,yes,southeast,12362.91
19,male,33.5,0,no,southeast,1928.3
61,male,27.5,0,no,northeast,42133.28
51,male,31.6,2,yes,southwest,2048.97
27,male,36.2,1,no,southeast,42276.55
42,male,33.3,2,no,northwest,4357.88
29,female,29.8,0,no,southwest,5342.97
19,male,32.7,3,yes,northwest,7262.24
31,female,31.9,3,no,southwest,7252.71
22,female,28.6,2,no,southeast,13615.84
62,female,21.5,2,no,southeast,4574.45
19,female,30.1,0,no,southeast,2161.0
38,female,31.6,3,no,southwest,32909.16
